,learning_rate,overall_accuracy
0,0.0012000000000000001,89.32291666666667
1,0.0014,84.89583333333333
2,0.0016,85.15625
3,0.0018,82.8125
4,0.002,84.11458333333333
5,0.0022,82.8125
6,0.0024000000000000002,85.15625
7,0.0026,82.29166666666667
8,0.0028000000000000004,81.51041666666667
9,0.003,80.20833333333333
