,learning_rate,overall_accuracy
0,0.0001,74.73958333333333
1,0.0002,82.55208333333333
2,0.00030000000000000003,80.46875
3,0.0004,85.15625
4,0.0005,85.15625
5,0.0006000000000000001,86.97916666666667
6,0.0007,84.89583333333333
7,0.0008,88.02083333333333
8,0.0009000000000000001,83.85416666666667
9,0.001,88.80208333333333
